Current_980,Power_980_forward,Power_980_backward,Bandwidth_980_forward,Bandwidth_980_backward,Mean_wavelength_980_forward,Mean_wavelength_980_backward,Current_1480,Power_1480_forward,Power_1480_backward,Bandwidth_1480_forward,Bandwidth_1480_backward,Mean_wavelength_1480_forward,Mean_wavelength_1480_backward
0.0,0.09062360204526404,2.384216378520325,3.5428846533149625e-8,1.4771691051508503e-8,1.5399659887851114e-6,1.5359579343949944e-6,0.0,0.3559838251225964,55.15623370820544,2.1236833924991818e-8,8.634665505940507e-9,1.536132300449281e-6,1.5324944421113995e-6
0.05,0.09636252490402542,2.8058454099941064,3.453443627916821e-8,1.4148366932746663e-8,1.5397754081922771e-6,1.5356636252720622e-6,0.15,0.33061377327254915,49.43434659297337,2.1663626978556472e-8,8.714060060997637e-9,1.5363261170039338e-6,1.5325620347558889e-6
0.1,0.12300505787871113,5.280938519867725,3.120719447397891e-8,1.2191822756425397e-8,1.5390278693276137e-6,1.534667372901968e-6,0.2,0.31871607849283,46.54689507711712,2.1897559590352593e-8,8.763017707732686e-9,1.5364210333575711e-6,1.532599491095285e-6
0.15,0.15128850978999545,8.890046474822881,2.8691356590560757e-8,1.1008566919797374e-8,1.5384180586032419e-6,1.5340052770515958e-6,0.25,0.30782672620345986,43.823489424401245,2.2130814581639474e-8,8.814863749061569e-9,1.5365107744746446e-6,1.5326375007530725e-6
0.2,0.17988092069403433,13.615427879351712,2.680077414395406e-8,1.0247763561549625e-8,1.5379304167425073e-6,1.5335546498967935e-6,0.3,0.2976766048235641,41.24809444674436,2.2365522125958415e-8,8.869438584589348e-9,1.5365971774088616e-6,1.5326762954701018e-6
0.25,0.20792547304327177,19.333223053493622,2.5360605792278108e-8,9.729379552997484e-9,1.5375395865738304e-6,1.533237156849828e-6,0.4,0.2794339610066412,36.57902489266918,2.28313798108837e-8,8.98420599940945e-9,1.5367604018128015e-6,1.5327554091469762e-6
0.3,0.23496188164578266,25.880124212132884,2.424017086986051e-8,9.357826602016926e-9,1.5372225998429043e-6,1.5330051497587665e-6,0.5,0.2634471170268094,32.47437292073033,2.329057194395551e-8,9.105920702285153e-9,1.5369130147996102e-6,1.5328369259852287e-6
0.4,0.28537975785267905,40.845821331189256,2.2623300614531247e-8,8.864430435762355e-9,1.5367430241601376e-6,1.532692979892048e-6,0.7000000000000001,0.23700766685510505,25.95001988726051,2.4172008011053974e-8,9.356439411236592e-9,1.537190018083745e-6,1.5330004616394775e-6
0.5,0.33101346341179466,57.5139801907891,2.151390907057796e-8,8.551748175527061e-9,1.5363973808342655e-6,1.5324941207027222e-6,1.0,0.20792547304327177,19.333223053493622,2.5360605792278108e-8,9.729379552997484e-9,1.5375395865738304e-6,1.533237156849828e-6
